{"cameraMode":{"drawMode":0,"name":"Shaded","section":"Shading Mode"},"sceneLighting":true,"audioPlay":false,"sceneViewState":{"showFog":false,"showMaterialUpdate":false,"showSkybox":false,"showFlares":false,"showImageEffects":false,"showParticleSystems":true},"in2DMode":false,"pivot":{"x":2.8275463581085207,"y":-2.440368413925171,"z":10.738700866699219},"rotation":{"x":0.16109074652194978,"y":0.05061168968677521,"z":-0.008271531201899052,"w":0.98560631275177},"size":23.619157791137697,"orthographic":false}