{"cameraMode":{"drawMode":0,"name":"Shaded","section":"Shading Mode"},"sceneLighting":true,"audioPlay":false,"sceneViewState":{"showFog":false,"showMaterialUpdate":false,"showSkybox":false,"showFlares":false,"showImageEffects":false,"showParticleSystems":true},"in2DMode":false,"pivot":{"x":13.112098693847657,"y":-11.574233055114746,"z":0.9350099563598633},"rotation":{"x":0.34212177991867068,"y":0.37091273069381716,"z":-0.1492275893688202,"w":0.8503573536872864},"size":23.619157791137697,"orthographic":false}