{"cameraMode":{"drawMode":0,"name":"Shaded","section":"Shading Mode"},"sceneLighting":false,"audioPlay":false,"sceneViewState":{"showFog":false,"showMaterialUpdate":false,"showSkybox":false,"showFlares":false,"showImageEffects":false,"showParticleSystems":true},"in2DMode":false,"pivot":{"x":5.221107482910156,"y":0.05977329611778259,"z":-5.490509986877441},"rotation":{"x":0.34212177991867068,"y":0.37091273069381716,"z":-0.1492275893688202,"w":0.8503573536872864},"size":3.4469051361083986,"orthographic":false}